{
  "version": 1,
  "defaultDepth": -50,
  "contours": [
    {
      "name": "Bay Island Shore",
      "height": 1,
      "controlPoints": [
        [
          166.71242673835587,
          241.9945087913973
        ],
        [
          500,
          100
        ],
        [
          700,
          -300
        ],
        [
          650,
          -700
        ],
        [
          450,
          -1000
        ],
        [
          0,
          -1150
        ],
        [
          -450,
          -1000
        ],
        [
          -650,
          -700
        ],
        [
          -700,
          -300
        ],
        [
          -500,
          100
        ],
        [
          -185.3919062250955,
          260.6739882781369
        ],
        [
          -120,
          150
        ],
        [
          -200,
          -50
        ],
        [
          -280,
          -250
        ],
        [
          -300,
          -450
        ],
        [
          0,
          -550
        ],
        [
          300,
          -450
        ],
        [
          280,
          -250
        ],
        [
          200,
          -50
        ],
        [
          120,
          150
        ]
      ]
    },
    {
      "name": "Great Shield Island Shore",
      "height": 1,
      "controlPoints": [
        [
          -856.7860417868063,
          1169.109271614241
        ],
        [
          -656.7860417868063,
          1269.109271614241
        ],
        [
          -356.7860417868063,
          1369.109271614241
        ],
        [
          -56.78604178680632,
          1419.109271614241
        ],
        [
          243.21395821319368,
          1369.109271614241
        ],
        [
          543.2139582131937,
          1269.109271614241
        ],
        [
          743.2139582131937,
          1169.109271614241
        ],
        [
          843.2139582131937,
          1569.109271614241
        ],
        [
          893.2139582131937,
          2069.109271614241
        ],
        [
          265.7222783929668,
          1974.4758250356779
        ],
        [
          -25.37999524316622,
          2076.8673504891253
        ],
        [
          -42.97313160776525,
          2384.118898639801
        ],
        [
          151.97786662659564,
          2620.261650685842
        ],
        [
          493.4636326831635,
          2634.731202029131
        ],
        [
          893.2139582131937,
          2269.109271614241
        ],
        [
          843.2139582131937,
          2769.109271614241
        ],
        [
          743.2139582131937,
          3169.109271614241
        ],
        [
          543.2139582131937,
          3219.109271614241
        ],
        [
          243.21395821319368,
          3269.109271614241
        ],
        [
          -56.78604178680632,
          3319.109271614241
        ],
        [
          -356.7860417868063,
          3269.109271614241
        ],
        [
          -656.7860417868063,
          3219.109271614241
        ],
        [
          -856.7860417868063,
          3169.109271614241
        ],
        [
          -956.7860417868063,
          2769.109271614241
        ],
        [
          -1006.7860417868063,
          2169.109271614241
        ],
        [
          -1006.7860417868063,
          1569.109271614241
        ],
        [
          -956.7860417868063,
          1169.109271614241
        ]
      ]
    },
    {
      "name": "Contour 3",
      "height": -15,
      "controlPoints": [
        [
          -943.0000001055959,
          -1361.0740776643347
        ],
        [
          1243.6666677678809,
          -1096.851854567175
        ],
        [
          993.1111113826433,
          3126.1481533826864
        ],
        [
          -1293.7777790449286,
          3030.481486399232
        ]
      ]
    },
    {
      "name": "Contour 4",
      "height": -40,
      "controlPoints": [
        [
          -1754.9255244053813,
          -2504.2509393273276
        ],
        [
          2286.3967936297895,
          -2132.350110865864
        ],
        [
          1476.4794338692673,
          3884.1788294424173
        ],
        [
          -2102.032964302748,
          3627.980480946742
        ]
      ]
    }
  ]
}