{
  "version": 1,
  "defaultDepth": -50,
  "waves": {
    "sources": [
      {
        "amplitude": 0.4,
        "wavelength": 200,
        "direction": 0.8
      },
      {
        "amplitude": 0.15,
        "wavelength": 20,
        "direction": 0.8
      }
    ]
  },
  "contours": [
    {
      "name": "Bay Island Shore",
      "height": 0,
      "controlPoints": [
        [270.41151557757985, 99.81028514918],
        [603.6990888392238, -42.18422364221772],
        [767.2758563829279, -405.31052482712073],
        [753.6990888392238, -842.1842236422177],
        [553.6990888392238, -1142.1842236422176],
        [103.6990888392238, -1292.1842236422176],
        [-346.3009111607762, -1142.1842236422176],
        [-546.3009111607762, -842.1842236422177],
        [-596.3009111607762, -442.1842236422177],
        [-396.3009111607762, -42.18422364221772],
        [-81.69281738587142, 118.48976463591919],
        [-16.300911160776195, 7.815776357782511],
        [-96.3009111607762, -192.18422364221772],
        [-176.3009111607762, -392.1842236422177],
        [-196.3009111607762, -592.1842236422177],
        [103.6990888392238, -692.1842236422177],
        [403.6990888392238, -592.1842236422177],
        [383.6990888392238, -392.1842236422177],
        [303.6990888392238, -192.18422364221772],
        [223.6990888392238, 7.815776357782511]
      ]
    },
    {
      "name": "Great Shield Island Shore",
      "height": 0,
      "controlPoints": [
        [-615.6843113758546, 838.2045758753236],
        [-664.4738334172187, 1219.8918859552152],
        [-325.4077101214672, 1299.3307684311358],
        [48.612312965219644, 1265.030186582409],
        [348.61231296521964, 1215.030186582409],
        [645.8045808144316, 1115.030186582409],
        [901.9950946760284, 1068.4129682932175],
        [948.6123129652201, 1415.030186582409],
        [996.7406063850572, 1834.546803635414],
        [371.120633144993, 1820.3967400038455],
        [80.0183595088597, 1922.7882654572932],
        [62.425223144261054, 2230.0398136079684],
        [257.3762213786217, 2466.1825656540095],
        [598.8619874351893, 2480.6521169972984],
        [1002.3557261255451, 2240.434527453308],
        [948.6123129652201, 2615.0301865824085],
        [848.6123129652201, 3015.0301865824085],
        [648.6123129652201, 3065.0301865824085],
        [348.61231296521964, 3115.0301865824085],
        [48.612312965219644, 3165.0301865824085],
        [-251.38768703478036, 3115.0301865824085],
        [-551.3876870347804, 3065.0301865824085],
        [-751.3876870347804, 3015.0301865824085],
        [-851.3876870347804, 2615.0301865824085],
        [-901.3876870347804, 2015.0301865824085],
        [-901.3876870347804, 1415.030186582409],
        [-851.3876870347804, 1015.0301865824089]
      ]
    },
    {
      "name": "Beginner Islands inner shelf",
      "height": -8.8,
      "controlPoints": [
        [-837.6016453535699, -1515.1531626961664],
        [1349.065022519907, -1250.9309395990072],
        [1305.0588132894893, 3281.8930890830834],
        [-1437.95988543831, 3125.9828625128066]
      ]
    },
    {
      "name": "Beginner islands outer shelf",
      "height": -22,
      "controlPoints": [
        [-1531.3453508311566, -2667.4209334993293],
        [2509.976967204014, -2295.520105037865],
        [1700.059607443492, 3721.008835270417],
        [-1878.4527907285235, 3464.8104867747397]
      ]
    },
    {
      "name": "Contour 5",
      "height": -6,
      "controlPoints": [
        [-762.5740081201177, 229.86397134255355],
        [947.334895470929, 263.73103221707004],
        [1437.2031331024082, 675.8375211783347],
        [1287.336204878095, 1205.1303703399385],
        [926.2173874226262, 784.3484439135653],
        [-25.25219248178314, 891.1140073351825],
        [-1129.8738450590365, 638.9207702790392]
      ]
    },
    {
      "name": "Contour 6",
      "height": 4.8,
      "controlPoints": [
        [-248.14202282500673, -1043.6906667535268],
        [496.7571896716214, -968.9873053586359],
        [637.6263854448442, -559.1860282619472],
        [182.82177684609712, -801.9719133892833],
        [-465.8489617472603, -612.5455721154407]
      ]
    },
    {
      "name": "Contour 7",
      "height": 5,
      "controlPoints": [
        [-671.8820485494973, 1603.2857938157345],
        [-284.9463695848509, 1559.2341532365085],
        [-196.58962400867279, 2563.2880811895147],
        [-469.6922931042052, 2735.9853566338625]
      ]
    }
  ]
}
