{
  "version": 1,
  "defaultDepth": -50,
  "contours": [
    {
      "name": "Bay Island Shore",
      "height": 1,
      "controlPoints": [
        [
          100,
          250
        ],
        [
          500,
          100
        ],
        [
          700,
          -300
        ],
        [
          650,
          -700
        ],
        [
          450,
          -1000
        ],
        [
          0,
          -1150
        ],
        [
          -450,
          -1000
        ],
        [
          -650,
          -700
        ],
        [
          -700,
          -300
        ],
        [
          -500,
          100
        ],
        [
          -100,
          250
        ],
        [
          -120,
          150
        ],
        [
          -200,
          -50
        ],
        [
          -280,
          -250
        ],
        [
          -300,
          -450
        ],
        [
          0,
          -550
        ],
        [
          300,
          -450
        ],
        [
          280,
          -250
        ],
        [
          200,
          -50
        ],
        [
          120,
          150
        ]
      ]
    },
    {
      "name": "Great Shield Island Shore",
      "height": 1,
      "controlPoints": [
        [
          -800,
          800
        ],
        [
          -600,
          900
        ],
        [
          -300,
          1000
        ],
        [
          0,
          1050
        ],
        [
          300,
          1000
        ],
        [
          600,
          900
        ],
        [
          800,
          800
        ],
        [
          900,
          1200
        ],
        [
          950,
          1700
        ],
        [
          322.50832017977314,
          1605.366553421437
        ],
        [
          31.4060465436401,
          1707.7580788748844
        ],
        [
          13.812910179041076,
          2015.0096270255601
        ],
        [
          208.76390841340196,
          2251.1523790716014
        ],
        [
          550.2496744699698,
          2265.62193041489
        ],
        [
          950,
          1900
        ],
        [
          900,
          2400
        ],
        [
          800,
          2800
        ],
        [
          600,
          2850
        ],
        [
          300,
          2900
        ],
        [
          0,
          2950
        ],
        [
          -300,
          2900
        ],
        [
          -600,
          2850
        ],
        [
          -800,
          2800
        ],
        [
          -900,
          2400
        ],
        [
          -950,
          1800
        ],
        [
          -950,
          1200
        ],
        [
          -900,
          800
        ]
      ]
    },
    {
      "name": "Contour 3",
      "height": -4,
      "controlPoints": [
        [
          -943.0000001055959,
          -1361.0740776643347
        ],
        [
          1243.6666677678809,
          -1096.851854567175
        ],
        [
          993.1111113826433,
          3126.1481533826864
        ],
        [
          -1293.7777790449286,
          3030.481486399232
        ]
      ]
    },
    {
      "name": "Contour 4",
      "height": -40,
      "controlPoints": [
        [
          -1754.9255244053813,
          -2504.2509393273276
        ],
        [
          2286.3967936297895,
          -2132.350110865864
        ],
        [
          1476.4794338692673,
          3884.1788294424173
        ],
        [
          -2102.032964302748,
          3627.980480946742
        ]
      ]
    }
  ]
}