{
  "version": 1,
  "defaultDepth": -50,
  "contours": [
    {
      "name": "Bay Island Shore",
      "height": 0.2,
      "controlPoints": [
        [
          2842.520394325046,
          -1903.542454602141
        ],
        [
          3175.8079675866898,
          -2045.5369633935388
        ],
        [
          3375.8079675866898,
          -2502.3230051803453
        ],
        [
          3325.8079675866898,
          -2845.536963393539
        ],
        [
          3125.8079675866898,
          -3145.536963393539
        ],
        [
          2675.8079675866898,
          -3295.536963393539
        ],
        [
          2225.8079675866898,
          -3145.536963393539
        ],
        [
          2025.8079675866898,
          -2845.536963393539
        ],
        [
          1975.8079675866898,
          -2445.536963393539
        ],
        [
          2175.8079675866898,
          -2045.5369633935388
        ],
        [
          2490.4160613615945,
          -1884.862975115402
        ],
        [
          2555.8079675866898,
          -1995.5369633935386
        ],
        [
          2475.8079675866898,
          -2195.536963393539
        ],
        [
          2395.8079675866898,
          -2395.536963393539
        ],
        [
          2375.8079675866898,
          -2595.536963393539
        ],
        [
          2675.8079675866898,
          -2695.536963393539
        ],
        [
          2975.8079675866898,
          -2595.536963393539
        ],
        [
          2955.8079675866898,
          -2395.536963393539
        ],
        [
          2875.8079675866898,
          -2195.536963393539
        ],
        [
          2795.8079675866898,
          -1995.5369633935386
        ]
      ]
    },
    {
      "name": "Great Shield Island Shore",
      "height": 1,
      "controlPoints": [
        [
          1820.7211917126856,
          -988.322553168912
        ],
        [
          2020.7211917126856,
          -888.322553168912
        ],
        [
          2320.7211917126856,
          -788.322553168912
        ],
        [
          2620.7211917126856,
          -738.322553168912
        ],
        [
          2920.7211917126856,
          -788.322553168912
        ],
        [
          3220.721191712686,
          -888.322553168912
        ],
        [
          3420.721191712686,
          -988.322553168912
        ],
        [
          3520.721191712686,
          -588.322553168912
        ],
        [
          3570.7211917126856,
          -88.32255316891201
        ],
        [
          2943.229511892459,
          -182.95599974747506
        ],
        [
          2652.1272382563257,
          -80.56447429402738
        ],
        [
          2634.534101891727,
          226.68707385664788
        ],
        [
          2829.4851001260877,
          462.829825902689
        ],
        [
          3170.9708661826553,
          477.2993772459779
        ],
        [
          3570.7211917126856,
          111.67744683108799
        ],
        [
          3520.721191712686,
          611.677446831088
        ],
        [
          3420.721191712686,
          1011.677446831088
        ],
        [
          3220.721191712686,
          1061.677446831088
        ],
        [
          2920.7211917126856,
          1111.677446831088
        ],
        [
          2620.7211917126856,
          1161.677446831088
        ],
        [
          2320.7211917126856,
          1111.677446831088
        ],
        [
          2020.7211917126856,
          1061.677446831088
        ],
        [
          1820.7211917126856,
          1011.677446831088
        ],
        [
          1720.7211917126856,
          611.677446831088
        ],
        [
          1670.7211917126856,
          11.677446831087991
        ],
        [
          1670.7211917126856,
          -588.322553168912
        ],
        [
          1720.7211917126856,
          -988.322553168912
        ]
      ]
    },
    {
      "name": "Beginner Islands inner shelf",
      "height": -15,
      "controlPoints": [
        [
          1734.507233393896,
          -3518.5059024474876
        ],
        [
          3921.173901267373,
          -3254.2836793503284
        ],
        [
          3670.6183448821353,
          968.7163285995332
        ],
        [
          1383.7294544545634,
          873.0496616160783
        ]
      ]
    },
    {
      "name": "Beginner islands outer shelf",
      "height": -26,
      "controlPoints": [
        [
          1040.7635279163092,
          -4670.77367325065
        ],
        [
          5082.08584595148,
          -4298.872844789186
        ],
        [
          4272.168486190958,
          1717.6560955190955
        ],
        [
          693.6560880189427,
          1461.4577470234192
        ]
      ]
    }
  ]
}