{
  "version": 1,
  "defaultDepth": -50,
  "contours": [
    {
      "name": "Bay Island Shore",
      "height": 0,
      "controlPoints": [
        [
          270.41151557757985,
          99.81028514918
        ],
        [
          603.6990888392238,
          -42.18422364221772
        ],
        [
          767.2758563829279,
          -405.31052482712073
        ],
        [
          753.6990888392238,
          -842.1842236422177
        ],
        [
          553.6990888392238,
          -1142.1842236422176
        ],
        [
          103.6990888392238,
          -1292.1842236422176
        ],
        [
          -346.3009111607762,
          -1142.1842236422176
        ],
        [
          -546.3009111607762,
          -842.1842236422177
        ],
        [
          -596.3009111607762,
          -442.1842236422177
        ],
        [
          -396.3009111607762,
          -42.18422364221772
        ],
        [
          -81.69281738587142,
          118.48976463591919
        ],
        [
          -16.300911160776195,
          7.815776357782511
        ],
        [
          -96.3009111607762,
          -192.18422364221772
        ],
        [
          -176.3009111607762,
          -392.1842236422177
        ],
        [
          -196.3009111607762,
          -592.1842236422177
        ],
        [
          103.6990888392238,
          -692.1842236422177
        ],
        [
          403.6990888392238,
          -592.1842236422177
        ],
        [
          383.6990888392238,
          -392.1842236422177
        ],
        [
          303.6990888392238,
          -192.18422364221772
        ],
        [
          223.6990888392238,
          7.815776357782511
        ]
      ]
    },
    {
      "name": "Great Shield Island Shore",
      "height": 0,
      "controlPoints": [
        [
          -669.6419497719485,
          1125.978647321158
        ],
        [
          -718.4314718133126,
          1507.6659574010496
        ],
        [
          -379.3653485175611,
          1587.1048398769701
        ],
        [
          -5.345325430874254,
          1552.8042580282433
        ],
        [
          294.65467456912575,
          1502.8042580282433
        ],
        [
          591.8469424183377,
          1402.8042580282433
        ],
        [
          848.0374562799345,
          1356.187039739052
        ],
        [
          894.6546745691262,
          1702.8042580282433
        ],
        [
          942.7829679889633,
          2122.3208750812482
        ],
        [
          317.1629947488991,
          2108.1708114496796
        ],
        [
          26.060721112765805,
          2210.5623369031273
        ],
        [
          8.467584748167155,
          2517.8138850538026
        ],
        [
          203.41858298252782,
          2753.9566370998436
        ],
        [
          544.9043490390955,
          2768.4261884431326
        ],
        [
          948.3980877294512,
          2528.208598899142
        ],
        [
          894.6546745691262,
          2902.8042580282427
        ],
        [
          794.6546745691262,
          3302.8042580282427
        ],
        [
          594.6546745691262,
          3352.8042580282427
        ],
        [
          294.65467456912575,
          3402.8042580282427
        ],
        [
          -5.345325430874254,
          3452.8042580282427
        ],
        [
          -305.34532543087425,
          3402.8042580282427
        ],
        [
          -605.3453254308743,
          3352.8042580282427
        ],
        [
          -805.3453254308743,
          3302.8042580282427
        ],
        [
          -905.3453254308743,
          2902.8042580282427
        ],
        [
          -955.3453254308743,
          2302.8042580282427
        ],
        [
          -955.3453254308743,
          1702.8042580282433
        ],
        [
          -905.3453254308743,
          1302.804258028243
        ]
      ]
    },
    {
      "name": "Beginner Islands inner shelf",
      "height": -155.3,
      "controlPoints": [
        [
          -837.6016453535699,
          -1515.1531626961664
        ],
        [
          1349.065022519907,
          -1250.9309395990072
        ],
        [
          1305.0588132894893,
          3281.8930890830834
        ],
        [
          -1437.95988543831,
          3125.9828625128066
        ]
      ]
    },
    {
      "name": "Beginner islands outer shelf",
      "height": -200,
      "controlPoints": [
        [
          -1531.3453508311566,
          -2667.4209334993293
        ],
        [
          2509.976967204014,
          -2295.520105037865
        ],
        [
          1700.059607443492,
          3721.008835270417
        ],
        [
          -1878.4527907285235,
          3464.8104867747397
        ]
      ]
    },
    {
      "name": "Contour 6",
      "height": 8,
      "controlPoints": [
        [
          -248.14202282500673,
          -1043.6906667535268
        ],
        [
          496.7571896716214,
          -968.9873053586359
        ],
        [
          637.6263854448442,
          -559.1860282619472
        ],
        [
          182.82177684609712,
          -801.9719133892833
        ],
        [
          -465.8489617472603,
          -612.5455721154407
        ]
      ]
    },
    {
      "name": "Contour 7",
      "height": 8,
      "controlPoints": [
        [
          -725.8396869455912,
          1891.059865261569
        ],
        [
          -338.9040079809448,
          1847.0082246823429
        ],
        [
          -250.54726240476668,
          2851.062152635349
        ],
        [
          -523.6499315002991,
          3023.7594280796966
        ]
      ]
    }
  ]
}