{
  "version": 1,
  "defaultDepth": -50,
  "contours": [
    {
      "name": "Bay Island Shore",
      "height": 0.3,
      "controlPoints": [
        [
          165.05578529849527,
          495.74401322684594
        ],
        [
          498.3433585601392,
          353.7495044354482
        ],
        [
          698.3433585601392,
          -103.03653735135822
        ],
        [
          648.3433585601392,
          -446.2504955645518
        ],
        [
          448.3433585601392,
          -746.2504955645518
        ],
        [
          -1.6566414398607776,
          -896.2504955645518
        ],
        [
          -451.6566414398608,
          -746.2504955645518
        ],
        [
          -651.6566414398608,
          -446.2504955645518
        ],
        [
          -701.6566414398608,
          -46.250495564551784
        ],
        [
          -501.6566414398608,
          353.7495044354482
        ],
        [
          -187.048547664956,
          514.4234927135851
        ],
        [
          -121.65664143986078,
          403.74950443544844
        ],
        [
          -201.65664143986078,
          203.74950443544822
        ],
        [
          -281.6566414398608,
          3.749504435448216
        ],
        [
          -301.6566414398608,
          -196.25049556455178
        ],
        [
          -1.6566414398607776,
          -296.2504955645518
        ],
        [
          298.3433585601392,
          -196.25049556455178
        ],
        [
          278.3433585601392,
          3.749504435448216
        ],
        [
          198.34335856013922,
          203.74950443544822
        ],
        [
          118.34335856013922,
          403.74950443544844
        ]
      ]
    },
    {
      "name": "Great Shield Island Shore",
      "height": 1,
      "controlPoints": [
        [
          -856.7434173138649,
          1410.963914660075
        ],
        [
          -656.7434173138649,
          1510.963914660075
        ],
        [
          -356.74341731386494,
          1610.963914660075
        ],
        [
          -56.74341731386494,
          1660.963914660075
        ],
        [
          243.25658268613506,
          1610.963914660075
        ],
        [
          543.2565826861355,
          1510.963914660075
        ],
        [
          796.639364396944,
          1464.3466963708834
        ],
        [
          843.2565826861355,
          1810.963914660075
        ],
        [
          891.3848761059726,
          2230.4805317130804
        ],
        [
          265.7649028659084,
          2216.3304680815118
        ],
        [
          -25.33737077022488,
          2318.7219935349594
        ],
        [
          -42.93050713482353,
          2625.9735416856347
        ],
        [
          152.02049109953714,
          2862.116293731676
        ],
        [
          493.50625715610477,
          2876.5858450749647
        ],
        [
          896.9999958464605,
          2636.368255530974
        ],
        [
          843.2565826861355,
          3010.963914660075
        ],
        [
          743.2565826861355,
          3410.963914660075
        ],
        [
          543.2565826861355,
          3460.963914660075
        ],
        [
          243.25658268613506,
          3510.963914660075
        ],
        [
          -56.74341731386494,
          3560.963914660075
        ],
        [
          -356.74341731386494,
          3510.963914660075
        ],
        [
          -656.7434173138649,
          3460.963914660075
        ],
        [
          -856.7434173138649,
          3410.963914660075
        ],
        [
          -956.7434173138649,
          3010.963914660075
        ],
        [
          -1006.7434173138649,
          2410.963914660075
        ],
        [
          -1006.7434173138649,
          1810.963914660075
        ],
        [
          -956.7434173138649,
          1410.963914660075
        ]
      ]
    },
    {
      "name": "Beginner Islands inner shelf",
      "height": -8.8,
      "controlPoints": [
        [
          -942.9573756326545,
          -1119.2194346185006
        ],
        [
          1243.7092922408224,
          -854.9972115213413
        ],
        [
          1199.7030830104047,
          3677.8268171607497
        ],
        [
          -1543.3156157173946,
          3521.916590590473
        ]
      ]
    },
    {
      "name": "Beginner islands outer shelf",
      "height": -22,
      "controlPoints": [
        [
          -1636.7010811102414,
          -2271.487205421663
        ],
        [
          2404.6212369249297,
          -1899.5863769601992
        ],
        [
          1594.7038771644075,
          4116.942563348082
        ],
        [
          -1983.8085210076079,
          3860.744214852406
        ]
      ]
    },
    {
      "name": "Contour 5",
      "height": -6,
      "controlPoints": [
        [
          -867.9297383992023,
          625.7976994202195
        ],
        [
          841.9791651918445,
          659.664760294736
        ],
        [
          1331.8474028233236,
          1071.7712492560006
        ],
        [
          1181.9804745990104,
          1601.0640984176043
        ],
        [
          820.8616571435416,
          1180.2821719912315
        ],
        [
          -130.60792276086775,
          1287.0477354128484
        ],
        [
          -1235.229575338121,
          1034.854498356705
        ]
      ]
    },
    {
      "name": "Contour 6",
      "height": 4.8,
      "controlPoints": [
        [
          -353.4977531040913,
          -647.756938675861
        ],
        [
          391.4014593925368,
          -573.05357728097
        ],
        [
          532.2706551657596,
          -163.25230018428118
        ],
        [
          77.46604656701257,
          -406.0381853116173
        ],
        [
          -571.2046920263449,
          -216.6118440377747
        ]
      ]
    },
    {
      "name": "Contour 7",
      "height": 5,
      "controlPoints": [
        [
          -777.237778828582,
          1999.2195218934005
        ],
        [
          -390.3020998639355,
          1955.1678813141743
        ],
        [
          -301.94535428775737,
          2959.2218092671806
        ],
        [
          -575.0480233832899,
          3131.9190847115287
        ]
      ]
    }
  ]
}